bell_state,visibility,shots,seed,s_sim,s_theory,error
phi_plus,1.0,100,2684470948,2.7600000000,2.8284271247,-0.0684271247
phi_plus,1.0,500,4091952314,2.7680000000,2.8284271247,-0.0604271247
phi_plus,1.0,1000,233227757,2.8940000000,2.8284271247,0.0655728753
phi_plus,1.0,5000,3276785861,2.8444000000,2.8284271247,0.0159728753
phi_plus,1.0,10000,3644269654,2.8150000000,2.8284271247,-0.0134271247
phi_plus,1.0,50000,1206282609,2.8206400000,2.8284271247,-0.0077871247
