pair,bell_state,theta_a_deg,theta_b_deg,shots,n_pp,n_pm,n_mp,n_mm,e_sim,e_theory,error
a_b,phi_plus,0.0,22.5,10000,4178,729,724,4369,0.7094000000,0.7071067812,0.0022932188
a_bp,phi_plus,0.0,-22.5,10000,4272,751,765,4212,0.6968000000,0.7071067812,-0.0103067812
ap_b,phi_plus,45.0,22.5,10000,4245,703,716,4336,0.7162000000,0.7071067812,0.0090932188
ap_bp,phi_plus,45.0,-22.5,10000,764,4204,4291,741,-0.6990000000,-0.7071067812,0.0081067812
S,phi_plus,,,10000,,,,,2.8214000000,2.8284271247,-0.0070271247
